installment_no,t,date,installment,principal,interest,outstanding_start
EQ305004,1,2019-05-02 00:00:00.000000,-1515.82,-1515.82,0,81500
EQ305004,2,2019-06-02 00:00:00.000000,-1515.82,-1209.21,-306.61,79984.18
EQ305004,3,2019-07-02 00:00:00.000000,-1515.82,-1213.85,-301.97,78774.97
EQ305004,4,2019-08-02 00:00:00.000000,-1515.82,-1218.5,-297.32,77561.12
EQ305004,5,2019-09-02 00:00:00.000000,-1515.82,-1223.17,-292.65,76342.62
EQ305004,6,2019-10-02 00:00:00.000000,-1515.82,-1227.86,-287.96,75119.45
EQ305004,7,2019-11-02 00:00:00.000000,-1515.82,-1232.57,-283.25,73891.59
EQ305004,8,2019-12-02 00:00:00.000000,-1515.82,-1237.29,-278.53,72659.02
EQ305004,9,2020-01-02 00:00:00.000000,-1515.82,-1242.04,-273.78,71421.73
EQ305004,10,2020-02-02 00:00:00.000000,-1515.82,-1246.8,-269.02,70179.69
EQ305004,11,2020-03-02 00:00:00.000000,-1515.82,-1251.58,-264.24,68932.89
EQ305004,12,2020-04-02 00:00:00.000000,-1515.82,-1256.37,-259.45,67681.31
EQ305004,13,2020-05-02 00:00:00.000000,-1515.82,-1261.19,-254.63,66424.94
EQ305004,14,2020-06-02 00:00:00.000000,-1515.82,-1266.02,-249.8,65163.75
EQ305004,15,2020-07-02 00:00:00.000000,-1515.82,-1270.88,-244.94,63897.73
EQ305004,16,2020-08-02 00:00:00.000000,-1515.82,-1275.75,-240.07,62626.85
EQ305004,17,2020-09-02 00:00:00.000000,-1515.82,-1280.64,-235.18,61351.1
EQ305004,18,2020-10-02 00:00:00.000000,-1515.82,-1285.55,-230.27,60070.46
EQ305004,19,2020-11-02 00:00:00.000000,-1515.82,-1290.47,-225.35,58784.91
EQ305004,20,2020-12-02 00:00:00.000000,-1515.82,-1295.42,-220.4,57494.44
EQ305004,21,2021-01-02 00:00:00.000000,-1515.82,-1300.39,-215.43,56199.02
EQ305004,22,2021-02-02 00:00:00.000000,-1515.82,-1305.37,-210.45,54898.63
EQ305004,23,2021-03-02 00:00:00.000000,-1515.82,-1310.38,-205.44,53593.26
EQ305004,24,2021-04-02 00:00:00.000000,-1515.82,-1315.4,-200.42,52282.88
EQ305004,25,2021-05-02 00:00:00.000000,-1515.82,-1320.44,-195.38,50967.48
EQ305004,26,2021-06-02 00:00:00.000000,-1515.82,-1325.51,-190.31,49647.04
EQ305004,27,2021-07-02 00:00:00.000000,-1515.82,-1330.59,-185.23,48321.53
EQ305004,28,2021-08-02 00:00:00.000000,-1515.82,-1335.69,-180.13,46990.94
EQ305004,29,2021-09-02 00:00:00.000000,-1515.82,-1340.81,-175.01,45655.25
EQ305004,30,2021-10-02 00:00:00.000000,-1515.82,-1345.94,-169.88,44314.44
EQ305004,31,2021-11-02 00:00:00.000000,-1515.82,-1351.11,-164.71,42968.5
EQ305004,32,2021-12-02 00:00:00.000000,-1515.82,-1356.28,-159.54,41617.39
EQ305004,33,2022-01-02 00:00:00.000000,-1515.82,-1361.48,-154.34,40261.11
EQ305004,34,2022-02-02 00:00:00.000000,-1515.82,-1366.7,-149.12,38899.63
EQ305004,35,2022-03-02 00:00:00.000000,-1515.82,-1371.94,-143.88,37532.93
EQ305004,36,2022-04-02 00:00:00.000000,-1515.82,-1377.2,-138.62,36160.99
EQ305004,37,2022-05-02 00:00:00.000000,-1515.82,-1382.49,-133.33,34783.79
EQ305004,38,2022-06-02 00:00:00.000000,-1515.82,-1387.78,-128.04,33401.3
EQ305004,39,2022-07-02 00:00:00.000000,-1515.82,-1393.1,-122.72,32013.52
EQ305004,40,2022-08-02 00:00:00.000000,-1515.82,-1398.44,-117.38,30620.42
EQ305004,41,2022-09-02 00:00:00.000000,-1515.82,-1403.8,-112.02,29221.98
EQ305004,42,2022-10-02 00:00:00.000000,-1515.82,-1409.18,-106.64,27818.18
EQ305004,43,2022-11-02 00:00:00.000000,-1515.82,-1414.59,-101.23,26409
EQ305004,44,2022-12-02 00:00:00.000000,-1515.82,-1420.01,-95.81,24994.41
EQ305004,45,2023-01-02 00:00:00.000000,-1515.82,-1425.45,-90.37,23574.4
EQ305004,46,2023-02-02 00:00:00.000000,-1515.82,-1430.91,-84.91,22148.95
EQ305004,47,2023-03-02 00:00:00.000000,-1515.82,-1436.4,-79.42,20718.04
EQ305004,48,2023-04-02 00:00:00.000000,-1515.82,-1441.91,-73.91,19281.64
EQ305004,49,2023-05-02 00:00:00.000000,-1515.82,-1447.43,-68.39,17839.73
EQ305004,50,2023-06-02 00:00:00.000000,-1515.82,-1452.98,-62.84,16392.3
EQ305004,51,2023-07-02 00:00:00.000000,-1515.82,-1458.55,-57.27,14939.32
EQ305004,52,2023-08-02 00:00:00.000000,-1515.82,-1464.14,-51.68,13480.77
EQ305004,53,2023-09-02 00:00:00.000000,-1515.82,-1469.76,-46.06,12016.63
EQ305004,54,2023-10-02 00:00:00.000000,-1515.82,-1475.39,-40.43,10546.87
EQ305004,55,2023-11-02 00:00:00.000000,-1515.82,-1481.04,-34.78,9071.48
EQ305004,56,2023-12-02 00:00:00.000000,-1515.82,-1486.72,-29.1,7590.44
EQ305004,57,2024-01-02 00:00:00.000000,-1515.82,-1492.42,-23.4,6103.72
EQ305004,58,2024-02-02 00:00:00.000000,-1515.82,-1498.15,-17.67,4611.3
EQ305004,59,2024-03-02 00:00:00.000000,-1515.82,-1503.88,-11.94,3113.15
EQ305004,60,2024-04-02 00:00:00.000000,-1515.82,-1509.65,-6.17,1609.27
EQ305004,61,2024-05-02 00:00:00.000000,-100,-99.62,-0.38,99.62
EQ306665,1,2020-04-08 00:00:00.000000,-213.76,-173.92,-39.84,11660
EQ306665,2,2020-05-08 00:00:00.000000,-213.76,-174.51,-39.25,11486.08
EQ306665,3,2020-06-08 00:00:00.000000,-213.76,-175.11,-38.65,11311.57
EQ306665,4,2020-07-08 00:00:00.000000,-213.76,-175.71,-38.05,11136.46
EQ306665,5,2020-08-08 00:00:00.000000,-213.76,-176.31,-37.45,10960.75
EQ306665,6,2020-09-08 00:00:00.000000,-213.76,-176.91,-36.85,10784.44
EQ306665,7,2020-10-08 00:00:00.000000,-213.76,-177.52,-36.24,10607.53
EQ306665,8,2020-11-08 00:00:00.000000,-213.76,-178.12,-35.64,10430.01
EQ306665,9,2020-12-08 00:00:00.000000,-213.76,-178.73,-35.03,10251.89
EQ306665,10,2021-01-08 00:00:00.000000,-213.76,-179.35,-34.41,10073.16
EQ306665,11,2021-02-08 00:00:00.000000,-213.76,-179.95,-33.81,9893.81
EQ306665,12,2021-03-08 00:00:00.000000,-213.76,-180.57,-33.19,9713.86
EQ306665,13,2021-04-08 00:00:00.000000,-213.76,-181.19,-32.57,9533.29
EQ306665,14,2021-05-08 00:00:00.000000,-213.76,-181.81,-31.95,9352.1
EQ306665,15,2021-06-08 00:00:00.000000,-213.76,-182.43,-31.33,9170.29
EQ306665,16,2021-07-08 00:00:00.000000,-213.76,-183.05,-30.71,8987.86
EQ306665,17,2021-08-08 00:00:00.000000,-213.76,-183.67,-30.09,8804.81
EQ306665,18,2021-09-08 00:00:00.000000,-213.76,-184.3,-29.46,8621.14
EQ306665,19,2021-10-08 00:00:00.000000,-213.76,-184.93,-28.83,8436.84
EQ306665,20,2021-11-08 00:00:00.000000,-213.76,-185.57,-28.19,8251.91
EQ306665,21,2021-12-08 00:00:00.000000,-213.76,-186.2,-27.56,8066.34
EQ306665,22,2022-01-08 00:00:00.000000,-213.76,-186.83,-26.93,7880.14
EQ306665,23,2022-02-08 00:00:00.000000,-213.76,-187.47,-26.29,7693.31
EQ306665,24,2022-03-08 00:00:00.000000,-213.76,-188.12,-25.64,7505.84
EQ306665,25,2022-04-08 00:00:00.000000,-213.76,-188.76,-25,7317.72
EQ306665,26,2022-05-08 00:00:00.000000,-213.76,-189.4,-24.36,7128.96
EQ306665,27,2022-06-08 00:00:00.000000,-213.76,-190.05,-23.71,6939.56
EQ306665,28,2022-07-08 00:00:00.000000,-213.76,-190.7,-23.06,6749.51
EQ306665,29,2022-08-08 00:00:00.000000,-213.76,-191.35,-22.41,6558.81
EQ306665,30,2022-09-08 00:00:00.000000,-213.76,-192,-21.76,6367.46
EQ306665,31,2022-10-08 00:00:00.000000,-213.76,-192.66,-21.1,6175.46
EQ306665,32,2022-11-08 00:00:00.000000,-213.76,-193.32,-20.44,5982.8
EQ306665,33,2022-12-08 00:00:00.000000,-213.76,-193.98,-19.78,5789.48
EQ306665,34,2023-01-08 00:00:00.000000,-213.76,-194.64,-19.12,5595.5
EQ306665,35,2023-02-08 00:00:00.000000,-213.76,-195.3,-18.46,5400.86
EQ306665,36,2023-03-08 00:00:00.000000,-213.76,-195.97,-17.79,5205.56
EQ306665,37,2023-04-08 00:00:00.000000,-213.76,-196.64,-17.12,5009.59
EQ306665,38,2023-05-08 00:00:00.000000,-213.76,-197.31,-16.45,4812.95
EQ306665,39,2023-06-08 00:00:00.000000,-213.76,-197.99,-15.77,4615.64
EQ306665,40,2023-07-08 00:00:00.000000,-213.76,-198.67,-15.09,4417.65
EQ306665,41,2023-08-08 00:00:00.000000,-213.76,-199.34,-14.42,4218.98
EQ306665,42,2023-09-08 00:00:00.000000,-213.76,-200.03,-13.73,4019.64
EQ306665,43,2023-10-08 00:00:00.000000,-213.76,-200.71,-13.05,3819.61
EQ306665,44,2023-11-08 00:00:00.000000,-213.76,-201.39,-12.37,3618.9
EQ306665,45,2023-12-08 00:00:00.000000,-213.76,-202.08,-11.68,3417.51
EQ306665,46,2024-01-08 00:00:00.000000,-213.76,-202.78,-10.98,3215.43
EQ306665,47,2024-02-08 00:00:00.000000,-213.76,-203.47,-10.29,3012.65
EQ306665,48,2024-03-08 00:00:00.000000,-213.76,-204.16,-9.6,2809.18
EQ306665,49,2024-04-08 00:00:00.000000,-213.76,-204.86,-8.9,2605.02
EQ306665,50,2024-05-08 00:00:00.000000,-213.76,-205.56,-8.2,2400.16
EQ306665,51,2024-06-08 00:00:00.000000,-213.76,-206.26,-7.5,2194.6
EQ306665,52,2024-07-08 00:00:00.000000,-213.76,-206.96,-6.8,1988.34
EQ306665,53,2024-08-08 00:00:00.000000,-213.76,-207.67,-6.09,1781.38
EQ306665,54,2024-09-08 00:00:00.000000,-213.76,-208.38,-5.38,1573.71
EQ306665,55,2024-10-08 00:00:00.000000,-213.76,-209.09,-4.67,1365.33
EQ306665,56,2024-11-08 00:00:00.000000,-213.76,-209.81,-3.95,1156.24
EQ306665,57,2024-12-08 00:00:00.000000,-213.76,-210.53,-3.23,946.43
EQ306665,58,2025-01-08 00:00:00.000000,-213.76,-211.24,-2.52,735.9
EQ306665,59,2025-02-08 00:00:00.000000,-213.76,-211.97,-1.79,524.66
EQ306665,60,2025-03-08 00:00:00.000000,-313.76,-312.69,-1.07,312.69
EQ301894,1,2017-12-05 00:00:00.000000,-354.81,-354.81,0,27200
EQ301894,2,2018-01-05 00:00:00.000000,-354.81,-258.62,-96.19,26845.19
EQ301894,3,2018-02-05 00:00:00.000000,-354.81,-259.54,-95.27,26586.57
EQ301894,4,2018-03-05 00:00:00.000000,-354.81,-260.47,-94.34,26327.03
EQ301894,5,2018-04-05 00:00:00.000000,-354.81,-261.41,-93.4,26066.56
EQ301894,6,2018-05-05 00:00:00.000000,-354.81,-262.34,-92.47,25805.15
EQ301894,7,2018-06-05 00:00:00.000000,-354.81,-263.29,-91.52,25542.81
EQ301894,8,2018-07-05 00:00:00.000000,-354.81,-264.23,-90.58,25279.52
EQ301894,9,2018-08-05 00:00:00.000000,-354.81,-265.17,-89.64,25015.29
EQ301894,10,2018-09-05 00:00:00.000000,-354.81,-266.12,-88.69,24750.12
EQ301894,11,2018-10-05 00:00:00.000000,-354.81,-267.08,-87.73,24484
EQ301894,12,2018-11-05 00:00:00.000000,-354.81,-268.03,-86.78,24216.92
EQ301894,13,2018-12-05 00:00:00.000000,-354.81,-269,-85.81,23948.89
EQ301894,14,2019-01-05 00:00:00.000000,-354.81,-269.96,-84.85,23679.89
EQ301894,15,2019-02-05 00:00:00.000000,-354.81,-270.93,-83.88,23409.93
EQ301894,16,2019-03-05 00:00:00.000000,-354.81,-271.9,-82.91,23139
EQ301894,17,2019-04-05 00:00:00.000000,-354.81,-272.87,-81.94,22867.1
EQ301894,18,2019-05-05 00:00:00.000000,-354.81,-273.85,-80.96,22594.23
EQ301894,19,2019-06-05 00:00:00.000000,-354.81,-274.83,-79.98,22320.38
EQ301894,20,2019-07-05 00:00:00.000000,-354.81,-275.82,-78.99,22045.55
EQ301894,21,2019-08-05 00:00:00.000000,-354.81,-276.8,-78.01,21769.73
EQ301894,22,2019-09-05 00:00:00.000000,-354.81,-277.8,-77.01,21492.93
EQ301894,23,2019-10-05 00:00:00.000000,-354.81,-278.79,-76.02,21215.13
EQ301894,24,2019-11-05 00:00:00.000000,-354.81,-279.79,-75.02,20936.34
EQ301894,25,2019-12-05 00:00:00.000000,-354.81,-280.79,-74.02,20656.55
EQ301894,26,2020-01-05 00:00:00.000000,-354.81,-281.8,-73.01,20375.76
EQ301894,27,2020-02-05 00:00:00.000000,-354.81,-282.81,-72,20093.96
EQ301894,28,2020-03-05 00:00:00.000000,-354.81,-283.82,-70.99,19811.15
EQ301894,29,2020-04-05 00:00:00.000000,-354.81,-284.84,-69.97,19527.33
EQ301894,30,2020-05-05 00:00:00.000000,-354.81,-285.86,-68.95,19242.49
EQ301894,31,2020-06-05 00:00:00.000000,-354.81,-286.88,-67.93,18956.63
EQ301894,32,2020-07-05 00:00:00.000000,-354.81,-287.91,-66.9,18669.75
EQ301894,33,2020-08-05 00:00:00.000000,-354.81,-288.94,-65.87,18381.84
EQ301894,34,2020-09-05 00:00:00.000000,-354.81,-289.98,-64.83,18092.9
EQ301894,35,2020-10-05 00:00:00.000000,-354.81,-291.02,-63.79,17802.92
EQ301894,36,2020-11-05 00:00:00.000000,-354.81,-292.06,-62.75,17511.9
EQ301894,37,2020-12-05 00:00:00.000000,-354.81,-293.11,-61.7,17219.84
EQ301894,38,2021-01-05 00:00:00.000000,-354.81,-294.16,-60.65,16926.73
EQ301894,39,2021-02-05 00:00:00.000000,-354.81,-295.21,-59.6,16632.57
EQ301894,40,2021-03-05 00:00:00.000000,-354.81,-296.27,-58.54,16337.36
EQ301894,41,2021-04-05 00:00:00.000000,-354.81,-297.33,-57.48,16041.09
EQ301894,42,2021-05-05 00:00:00.000000,-354.81,-298.4,-56.41,15743.76
EQ301894,43,2021-06-05 00:00:00.000000,-354.81,-299.47,-55.34,15445.36
EQ301894,44,2021-07-05 00:00:00.000000,-354.81,-300.54,-54.27,15145.89
EQ301894,45,2021-08-05 00:00:00.000000,-354.81,-301.62,-53.19,14845.35
EQ301894,46,2021-09-05 00:00:00.000000,-354.81,-302.7,-52.11,14543.73
EQ301894,47,2021-10-05 00:00:00.000000,-354.81,-303.78,-51.03,14241.03
EQ301894,48,2021-11-05 00:00:00.000000,-354.81,-304.87,-49.94,13937.25
EQ301894,49,2021-12-05 00:00:00.000000,-354.81,-305.96,-48.85,13632.38
EQ301894,50,2022-01-05 00:00:00.000000,-354.81,-307.06,-47.75,13326.42
EQ301894,51,2022-02-05 00:00:00.000000,-354.81,-308.16,-46.65,13019.36
EQ301894,52,2022-03-05 00:00:00.000000,-354.81,-309.26,-45.55,12711.2
EQ301894,53,2022-04-05 00:00:00.000000,-354.81,-310.37,-44.44,12401.94
EQ301894,54,2022-05-05 00:00:00.000000,-354.81,-311.48,-43.33,12091.57
EQ301894,55,2022-06-05 00:00:00.000000,-354.81,-312.6,-42.21,11780.09
EQ301894,56,2022-07-05 00:00:00.000000,-354.81,-313.72,-41.09,11467.49
EQ301894,57,2022-08-05 00:00:00.000000,-354.81,-314.85,-39.96,11153.77
EQ301894,58,2022-09-05 00:00:00.000000,-354.81,-315.97,-38.84,10838.92
EQ301894,59,2022-10-05 00:00:00.000000,-354.81,-317.11,-37.7,10522.95
EQ301894,60,2022-11-05 00:00:00.000000,-354.81,-318.24,-36.57,10205.84
EQ301894,61,2022-12-05 00:00:00.000000,-354.81,-319.38,-35.43,9887.6
EQ301894,62,2023-01-05 00:00:00.000000,-354.81,-320.53,-34.28,9568.22
EQ301894,63,2023-02-05 00:00:00.000000,-354.81,-321.67,-33.14,9247.69
EQ301894,64,2023-03-05 00:00:00.000000,-354.81,-322.83,-31.98,8926.02
EQ301894,65,2023-04-05 00:00:00.000000,-354.81,-323.98,-30.83,8603.19
EQ301894,66,2023-05-05 00:00:00.000000,-354.81,-325.15,-29.66,8279.21
EQ301894,67,2023-06-05 00:00:00.000000,-354.81,-326.31,-28.5,7954.06
EQ301894,68,2023-07-05 00:00:00.000000,-354.81,-327.48,-27.33,7627.75
EQ301894,69,2023-08-05 00:00:00.000000,-354.81,-328.65,-26.16,7300.27
EQ301894,70,2023-09-05 00:00:00.000000,-354.81,-329.83,-24.98,6971.62
EQ301894,71,2023-10-05 00:00:00.000000,-354.81,-331.01,-23.8,6641.79
EQ301894,72,2023-11-05 00:00:00.000000,-354.81,-332.21,-22.6,6310.78
EQ301894,73,2023-12-05 00:00:00.000000,-6000,-5978.58,-21.42,5978.57
EQ301958,1,2017-12-21 00:00:00.000000,-7992.09,-7992.09,0,404968.19
EQ301958,2,2018-01-21 00:00:00.000000,-7992.09,-6619.22,-1372.87,396976.1
EQ301958,3,2018-02-21 00:00:00.000000,-7992.09,-6642.11,-1349.98,390356.88
EQ301958,4,2018-03-21 00:00:00.000000,-7992.09,-6665.08,-1327.01,383714.77
EQ301958,5,2018-04-21 00:00:00.000000,-7992.09,-6688.13,-1303.96,377049.69
EQ301958,6,2018-05-21 00:00:00.000000,-7992.09,-6711.26,-1280.83,370361.56
EQ301958,7,2018-06-21 00:00:00.000000,-7992.09,-6734.47,-1257.62,363650.3
EQ301958,8,2018-07-21 00:00:00.000000,-7992.09,-6757.76,-1234.33,356915.83
EQ301958,9,2018-08-21 00:00:00.000000,-7992.09,-6781.13,-1210.96,350158.07
EQ301958,10,2018-09-21 00:00:00.000000,-7992.09,-6804.58,-1187.51,343376.94
EQ301958,11,2018-10-21 00:00:00.000000,-7992.09,-6828.11,-1163.98,336572.36
EQ301958,12,2018-11-21 00:00:00.000000,-7992.09,-6851.73,-1140.36,329744.25
EQ301958,13,2018-12-21 00:00:00.000000,-7992.09,-6875.42,-1116.67,322892.52
EQ301958,14,2019-01-21 00:00:00.000000,-7992.09,-6899.2,-1092.89,316017.1
EQ301958,15,2019-02-21 00:00:00.000000,-7992.09,-6923.06,-1069.03,309117.9
EQ301958,16,2019-03-21 00:00:00.000000,-7992.09,-6947,-1045.09,302194.84
EQ301958,17,2019-04-21 00:00:00.000000,-7992.09,-6971.03,-1021.06,295247.84
EQ301958,18,2019-05-21 00:00:00.000000,-7992.09,-6995.14,-996.95,288276.81
EQ301958,19,2019-06-21 00:00:00.000000,-7992.09,-7019.33,-972.76,281281.67
EQ301958,20,2019-07-21 00:00:00.000000,-7992.09,-7043.6,-948.49,274262.34
EQ301958,21,2019-08-21 00:00:00.000000,-7992.09,-7067.96,-924.13,267218.74
EQ301958,22,2019-09-21 00:00:00.000000,-7992.09,-7092.4,-899.69,260150.78
EQ301958,23,2019-10-21 00:00:00.000000,-7992.09,-7116.93,-875.16,253058.38
EQ301958,24,2019-11-21 00:00:00.000000,-7992.09,-7141.55,-850.54,245941.45
EQ301958,25,2019-12-21 00:00:00.000000,-7992.09,-7166.24,-825.85,238799.9
EQ301958,26,2020-01-21 00:00:00.000000,-7992.09,-7191.03,-801.06,231633.66
EQ301958,27,2020-02-21 00:00:00.000000,-7992.09,-7215.9,-776.19,224442.63
EQ301958,28,2020-03-21 00:00:00.000000,-7992.09,-7240.85,-751.24,217226.73
EQ301958,29,2020-04-21 00:00:00.000000,-7992.09,-7265.89,-726.2,209985.88
EQ301958,30,2020-05-21 00:00:00.000000,-7992.09,-7291.02,-701.07,202719.99
EQ301958,31,2020-06-21 00:00:00.000000,-7992.09,-7316.23,-675.86,195428.97
EQ301958,32,2020-07-21 00:00:00.000000,-7992.09,-7341.54,-650.55,188112.74
EQ301958,33,2020-08-21 00:00:00.000000,-7992.09,-7366.93,-625.16,180771.2
EQ301958,34,2020-09-21 00:00:00.000000,-7992.09,-7392.4,-599.69,173404.27
EQ301958,35,2020-10-21 00:00:00.000000,-7992.09,-7417.97,-574.12,166011.87
EQ301958,36,2020-11-21 00:00:00.000000,-7992.09,-7443.62,-548.47,158593.9
EQ301958,37,2020-12-21 00:00:00.000000,-7992.09,-7469.36,-522.73,151150.28
EQ301958,38,2021-01-21 00:00:00.000000,-7992.09,-7495.2,-496.89,143680.92
EQ301958,39,2021-02-21 00:00:00.000000,-7992.09,-7521.12,-470.97,136185.72
EQ301958,40,2021-03-21 00:00:00.000000,-7992.09,-7547.12,-444.97,128664.6
EQ301958,41,2021-04-21 00:00:00.000000,-7992.09,-7573.23,-418.86,121117.48
EQ301958,42,2021-05-21 00:00:00.000000,-7992.09,-7599.42,-392.67,113544.25
EQ301958,43,2021-06-21 00:00:00.000000,-7992.09,-7625.7,-366.39,105944.83
EQ301958,44,2021-07-21 00:00:00.000000,-7992.09,-7652.07,-340.02,98319.13
EQ301958,45,2021-08-21 00:00:00.000000,-7992.09,-7678.54,-313.55,90667.06
EQ301958,46,2021-09-21 00:00:00.000000,-7992.09,-7705.09,-287,82988.52
EQ301958,47,2021-10-21 00:00:00.000000,-7992.09,-7731.74,-260.35,75283.43
EQ301958,48,2021-11-21 00:00:00.000000,-7992.09,-7758.47,-233.62,67551.69
EQ301958,49,2021-12-21 00:00:00.000000,-60000,-59793.22,-206.78,59793.22
EQ307230,1,2020-03-12 00:00:00.000000,-651.54,-541.65,-109.89,35640
EQ307230,2,2020-04-12 00:00:00.000000,-651.54,-543.32,-108.22,35098.35
EQ307230,3,2020-05-12 00:00:00.000000,-651.54,-544.99,-106.55,34555.03
EQ307230,4,2020-06-12 00:00:00.000000,-651.54,-546.67,-104.87,34010.04
EQ307230,5,2020-07-12 00:00:00.000000,-651.54,-548.36,-103.18,33463.37
EQ307230,6,2020-08-12 00:00:00.000000,-651.54,-550.04,-101.5,32915.01
EQ307230,7,2020-09-12 00:00:00.000000,-651.54,-551.74,-99.8,32364.97
EQ307230,8,2020-10-12 00:00:00.000000,-651.54,-553.44,-98.1,31813.23
EQ307230,9,2020-11-12 00:00:00.000000,-651.54,-555.15,-96.39,31259.79
EQ307230,10,2020-12-12 00:00:00.000000,-651.54,-556.87,-94.67,30704.64
EQ307230,11,2021-01-12 00:00:00.000000,-651.54,-558.58,-92.96,30147.77
EQ307230,12,2021-02-12 00:00:00.000000,-651.54,-560.3,-91.24,29589.19
EQ307230,13,2021-03-12 00:00:00.000000,-651.54,-562.03,-89.51,29028.89
EQ307230,14,2021-04-12 00:00:00.000000,-651.54,-563.76,-87.78,28466.86
EQ307230,15,2021-05-12 00:00:00.000000,-651.54,-565.5,-86.04,27903.1
EQ307230,16,2021-06-12 00:00:00.000000,-651.54,-567.25,-84.29,27337.6
EQ307230,17,2021-07-12 00:00:00.000000,-651.54,-568.99,-82.55,26770.35
EQ307230,18,2021-08-12 00:00:00.000000,-651.54,-570.75,-80.79,26201.36
EQ307230,19,2021-09-12 00:00:00.000000,-651.54,-572.51,-79.03,25630.61
EQ307230,20,2021-10-12 00:00:00.000000,-651.54,-574.27,-77.27,25058.1
EQ307230,21,2021-11-12 00:00:00.000000,-651.54,-576.04,-75.5,24483.83
EQ307230,22,2021-12-12 00:00:00.000000,-651.54,-577.82,-73.72,23907.79
EQ307230,23,2022-01-12 00:00:00.000000,-651.54,-579.61,-71.93,23329.97
EQ307230,24,2022-02-12 00:00:00.000000,-651.54,-581.39,-70.15,22750.36
EQ307230,25,2022-03-12 00:00:00.000000,-651.54,-583.18,-68.36,22168.97
EQ307230,26,2022-04-12 00:00:00.000000,-651.54,-584.98,-66.56,21585.79
EQ307230,27,2022-05-12 00:00:00.000000,-651.54,-586.78,-64.76,21000.81
EQ307230,28,2022-06-12 00:00:00.000000,-651.54,-588.59,-62.95,20414.03
EQ307230,29,2022-07-12 00:00:00.000000,-651.54,-590.41,-61.13,19825.44
EQ307230,30,2022-08-12 00:00:00.000000,-651.54,-592.23,-59.31,19235.03
EQ307230,31,2022-09-12 00:00:00.000000,-651.54,-594.05,-57.49,18642.8
EQ307230,32,2022-10-12 00:00:00.000000,-651.54,-595.89,-55.65,18048.75
EQ307230,33,2022-11-12 00:00:00.000000,-651.54,-597.72,-53.82,17452.86
EQ307230,34,2022-12-12 00:00:00.000000,-651.54,-599.57,-51.97,16855.14
EQ307230,35,2023-01-12 00:00:00.000000,-651.54,-601.41,-50.13,16255.57
EQ307230,36,2023-02-12 00:00:00.000000,-651.54,-603.27,-48.27,15654.16
EQ307230,37,2023-03-12 00:00:00.000000,-651.54,-605.13,-46.41,15050.89
EQ307230,38,2023-04-12 00:00:00.000000,-651.54,-606.99,-44.55,14445.76
EQ307230,39,2023-05-12 00:00:00.000000,-651.54,-608.87,-42.67,13838.77
EQ307230,40,2023-06-12 00:00:00.000000,-651.54,-610.74,-40.8,13229.9
EQ307230,41,2023-07-12 00:00:00.000000,-651.54,-612.63,-38.91,12619.16
EQ307230,42,2023-08-12 00:00:00.000000,-651.54,-614.52,-37.02,12006.53
EQ307230,43,2023-09-12 00:00:00.000000,-651.54,-616.41,-35.13,11392.01
EQ307230,44,2023-10-12 00:00:00.000000,-651.54,-618.31,-33.23,10775.6
EQ307230,45,2023-11-12 00:00:00.000000,-651.54,-620.22,-31.32,10157.29
EQ307230,46,2023-12-12 00:00:00.000000,-651.54,-622.13,-29.41,9537.07
EQ307230,47,2024-01-12 00:00:00.000000,-651.54,-624.05,-27.49,8914.94
EQ307230,48,2024-02-12 00:00:00.000000,-651.54,-625.97,-25.57,8290.89
EQ307230,49,2024-03-12 00:00:00.000000,-651.54,-627.9,-23.64,7664.92
EQ307230,50,2024-04-12 00:00:00.000000,-651.54,-629.84,-21.7,7037.02
EQ307230,51,2024-05-12 00:00:00.000000,-651.54,-631.78,-19.76,6407.18
EQ307230,52,2024-06-12 00:00:00.000000,-651.54,-633.73,-17.81,5775.4
EQ307230,53,2024-07-12 00:00:00.000000,-651.54,-635.68,-15.86,5141.67
EQ307230,54,2024-08-12 00:00:00.000000,-651.54,-637.64,-13.9,4505.99
EQ307230,55,2024-09-12 00:00:00.000000,-651.54,-639.61,-11.93,3868.35
EQ307230,56,2024-10-12 00:00:00.000000,-651.54,-641.58,-9.96,3228.74
EQ307230,57,2024-11-12 00:00:00.000000,-651.54,-643.55,-7.99,2587.16
EQ307230,58,2024-12-12 00:00:00.000000,-651.54,-645.54,-6,1943.61
EQ307230,59,2025-01-12 00:00:00.000000,-651.54,-647.54,-4,1298.07
EQ307230,60,2025-02-12 00:00:00.000000,-652.54,-650.53,-2.01,650.53
EQ304726,1,2019-04-19 00:00:00.000000,-6531.69,-6531.69,0,393166
EQ304726,2,2019-05-19 00:00:00.000000,-6531.69,-4501.86,-2029.83,386634.31
EQ304726,3,2019-06-19 00:00:00.000000,-6531.69,-4525.5,-2006.19,382132.45
EQ304726,4,2019-07-19 00:00:00.000000,-6531.69,-4549.26,-1982.43,377606.95
EQ304726,5,2019-08-19 00:00:00.000000,-6531.69,-4573.14,-1958.55,373057.69
EQ304726,6,2019-09-19 00:00:00.000000,-6531.69,-4597.15,-1934.54,368484.55
EQ304726,7,2019-10-19 00:00:00.000000,-6531.69,-4621.29,-1910.4,363887.4
EQ304726,8,2019-11-19 00:00:00.000000,-6531.69,-4645.55,-1886.14,359266.11
EQ304726,9,2019-12-19 00:00:00.000000,-6531.69,-4669.94,-1861.75,354620.56
EQ304726,10,2020-01-19 00:00:00.000000,-6531.69,-4694.45,-1837.24,349950.62
EQ304726,11,2020-02-19 00:00:00.000000,-6531.69,-4719.1,-1812.59,345256.17
EQ304726,12,2020-03-16 00:00:00.000000,-398933.09,-340537.07,-58396.02,340537.07
EQ304772,1,2019-03-27 00:00:00.000000,-1850,-1850,0,105000
EQ304772,2,2019-04-27 00:00:00.000000,-1850,-1463.19,-386.81,103150
EQ304772,3,2019-05-27 00:00:00.000000,-1850,-1468.67,-381.33,101686.81
EQ304772,4,2019-06-27 00:00:00.000000,-1850,-1474.18,-375.82,100218.14
EQ304772,5,2019-07-27 00:00:00.000000,-1850,-1479.71,-370.29,98743.96
EQ304772,6,2019-08-27 00:00:00.000000,-1850,-1485.26,-364.74,97264.25
EQ304772,7,2019-09-27 00:00:00.000000,-1850,-1490.83,-359.17,95778.99
EQ304772,8,2019-10-27 00:00:00.000000,-1850,-1496.42,-353.58,94288.16
EQ304772,9,2019-11-27 00:00:00.000000,-1850,-1502.03,-347.97,92791.74
EQ304772,10,2019-12-27 00:00:00.000000,-1850,-1507.66,-342.34,91289.71
EQ304772,11,2020-01-27 00:00:00.000000,-1850,-1513.32,-336.68,89782.05
EQ304772,12,2020-02-27 00:00:00.000000,-1850,-1518.99,-331.01,88268.73
EQ304772,13,2020-03-27 00:00:00.000000,-1850,-1524.69,-325.31,86749.74
EQ304772,14,2020-04-27 00:00:00.000000,-1850,-1530.41,-319.59,85225.05
EQ304772,15,2020-05-27 00:00:00.000000,-1850,-1536.15,-313.85,83694.64
EQ304772,16,2020-06-27 00:00:00.000000,-1850,-1541.91,-308.09,82158.49
EQ304772,17,2020-07-27 00:00:00.000000,-1850,-1547.69,-302.31,80616.58
EQ304772,18,2020-08-27 00:00:00.000000,-1850,-1553.49,-296.51,79068.89
EQ304772,19,2020-09-27 00:00:00.000000,-1850,-1559.32,-290.68,77515.4
EQ304772,20,2020-10-27 00:00:00.000000,-1850,-1565.16,-284.84,75956.08
EQ304772,21,2020-11-27 00:00:00.000000,-1850,-1571.03,-278.97,74390.92
EQ304772,22,2020-12-27 00:00:00.000000,-1850,-1576.93,-273.07,72819.89
EQ304772,23,2021-01-27 00:00:00.000000,-1850,-1582.84,-267.16,71242.96
EQ304772,24,2021-02-27 00:00:00.000000,-1850,-1588.77,-261.23,69660.12
EQ304772,25,2021-03-27 00:00:00.000000,-1144.14,-888.88,-255.26,68071.35
EQ304772,26,2021-04-27 00:00:00.000000,-1144.14,-892.21,-251.93,67182.47
EQ304772,27,2021-05-27 00:00:00.000000,-1144.14,-895.56,-248.58,66290.26
EQ304772,28,2021-06-27 00:00:00.000000,-1144.14,-898.91,-245.23,65394.7
EQ304772,29,2021-07-27 00:00:00.000000,-1144.14,-902.29,-241.85,64495.79
EQ304772,30,2021-08-27 00:00:00.000000,-1144.14,-905.67,-238.47,63593.5
EQ304772,31,2021-09-27 00:00:00.000000,-1144.14,-909.06,-235.08,62687.83
EQ304772,32,2021-10-27 00:00:00.000000,-1144.14,-912.47,-231.67,61778.77
EQ304772,33,2021-11-27 00:00:00.000000,-1144.14,-915.9,-228.24,60866.3
EQ304772,34,2021-12-27 00:00:00.000000,-1144.14,-919.33,-224.81,59950.4
EQ304772,35,2022-01-27 00:00:00.000000,-1144.14,-922.78,-221.36,59031.07
EQ304772,36,2022-02-27 00:00:00.000000,-1144.14,-926.24,-217.9,58108.29
EQ304772,37,2022-03-27 00:00:00.000000,-1144.14,-929.71,-214.43,57182.05
EQ304772,38,2022-04-27 00:00:00.000000,-1144.14,-933.2,-210.94,56252.34
EQ304772,39,2022-05-27 00:00:00.000000,-1144.14,-936.7,-207.44,55319.14
EQ304772,40,2022-06-27 00:00:00.000000,-1144.14,-940.21,-203.93,54382.44
EQ304772,41,2022-07-27 00:00:00.000000,-1144.14,-943.73,-200.41,53442.23
EQ304772,42,2022-08-27 00:00:00.000000,-1144.14,-947.28,-196.86,52498.5
EQ304772,43,2022-09-27 00:00:00.000000,-1144.14,-950.82,-193.32,51551.22
EQ304772,44,2022-10-27 00:00:00.000000,-1144.14,-954.39,-189.75,50600.4
EQ304772,45,2022-11-27 00:00:00.000000,-1144.14,-957.97,-186.17,49646.01
EQ304772,46,2022-12-27 00:00:00.000000,-1144.14,-961.57,-182.57,48688.04
EQ304772,47,2023-01-27 00:00:00.000000,-1144.14,-965.17,-178.97,47726.47
EQ304772,48,2023-02-27 00:00:00.000000,-1144.14,-968.79,-175.35,46761.3
EQ304772,49,2023-03-27 00:00:00.000000,-1144.14,-972.42,-171.72,45792.51
EQ304772,50,2023-04-27 00:00:00.000000,-1144.14,-976.07,-168.07,44820.09
EQ304772,51,2023-05-27 00:00:00.000000,-1144.14,-979.73,-164.41,43844.02
EQ304772,52,2023-06-27 00:00:00.000000,-1144.14,-983.4,-160.74,42864.29
EQ304772,53,2023-07-27 00:00:00.000000,-1144.14,-987.09,-157.05,41880.89
EQ304772,54,2023-08-27 00:00:00.000000,-1144.14,-990.8,-153.34,40893.8
EQ304772,55,2023-09-27 00:00:00.000000,-1144.14,-994.51,-149.63,39903
EQ304772,56,2023-10-27 00:00:00.000000,-1144.14,-998.24,-145.9,38908.49
EQ304772,57,2023-11-27 00:00:00.000000,-1144.14,-1001.98,-142.16,37910.25
EQ304772,58,2023-12-27 00:00:00.000000,-1144.14,-1005.74,-138.4,36908.27
EQ304772,59,2024-01-27 00:00:00.000000,-1144.14,-1009.51,-134.63,35902.53
EQ304772,60,2024-02-27 00:00:00.000000,-1144.14,-1013.3,-130.84,34893.02
EQ304772,61,2024-03-27 00:00:00.000000,-1144.14,-1017.09,-127.05,33879.72
EQ304772,62,2024-04-27 00:00:00.000000,-1144.14,-1020.91,-123.23,32862.63
EQ304772,63,2024-05-27 00:00:00.000000,-1144.14,-1024.74,-119.4,31841.72
EQ304772,64,2024-06-27 00:00:00.000000,-1144.14,-1028.58,-115.56,30816.98
EQ304772,65,2024-07-27 00:00:00.000000,-1144.14,-1032.44,-111.7,29788.4
EQ304772,66,2024-08-27 00:00:00.000000,-1144.14,-1036.31,-107.83,28755.96
EQ304772,67,2024-09-27 00:00:00.000000,-1144.14,-1040.19,-103.95,27719.65
EQ304772,68,2024-10-27 00:00:00.000000,-1144.14,-1044.1,-100.04,26679.46
EQ304772,69,2024-11-27 00:00:00.000000,-1144.14,-1048.01,-96.13,25635.36
EQ304772,70,2024-12-27 00:00:00.000000,-1144.14,-1051.94,-92.2,24587.35
EQ304772,71,2025-01-27 00:00:00.000000,-1144.14,-1055.89,-88.25,23535.41
EQ304772,72,2025-02-27 00:00:00.000000,-1144.14,-1059.84,-84.3,22479.52
EQ304899,1,2019-04-30 00:00:00.000000,-856.04,-856.04,0,32304.2
EQ304899,2,2019-05-30 00:00:00.000000,-856.04,-734.18,-121.86,31448.16
EQ304899,3,2019-06-30 00:00:00.000000,-856.04,-737.03,-119.01,30713.98
EQ304899,4,2019-07-30 00:00:00.000000,-856.04,-739.88,-116.16,29976.95
EQ304899,5,2019-08-30 00:00:00.000000,-856.04,-742.76,-113.28,29237.07
EQ304899,6,2019-09-30 00:00:00.000000,-856.04,-745.63,-110.41,28494.31
EQ304899,7,2019-10-30 00:00:00.000000,-856.04,-748.52,-107.52,27748.68
EQ304899,8,2019-11-30 00:00:00.000000,-856.04,-751.42,-104.62,27000.16
EQ304899,9,2019-12-30 00:00:00.000000,-856.04,-754.33,-101.71,26248.74
EQ304899,10,2020-01-30 00:00:00.000000,-856.04,-757.25,-98.79,25494.41
EQ304899,11,2020-02-29 00:00:00.000000,-856.04,-760.19,-95.85,24737.16
EQ304899,12,2020-03-30 00:00:00.000000,-856.04,-763.13,-92.91,23976.97
EQ304899,13,2020-04-30 00:00:00.000000,-856.04,-766.09,-89.95,23213.84
EQ304899,14,2020-05-30 00:00:00.000000,-856.04,-769.06,-86.98,22447.75
EQ304899,15,2020-06-30 00:00:00.000000,-856.04,-772.04,-84,21678.69
EQ304899,16,2020-07-30 00:00:00.000000,-856.04,-775.03,-81.01,20906.65
EQ304899,17,2020-08-30 00:00:00.000000,-856.04,-778.03,-78.01,20131.62
EQ304899,18,2020-09-30 00:00:00.000000,-856.04,-781.05,-74.99,19353.59
EQ304899,19,2020-10-30 00:00:00.000000,-856.04,-784.08,-71.96,18572.54
EQ304899,20,2020-11-30 00:00:00.000000,-856.04,-787.11,-68.93,17788.46
EQ304899,21,2020-12-30 00:00:00.000000,-856.04,-790.17,-65.87,17001.35
EQ304899,22,2021-01-30 00:00:00.000000,-856.04,-793.23,-62.81,16211.18
EQ304899,23,2021-02-28 00:00:00.000000,-856.04,-796.3,-59.74,15417.95
EQ304899,24,2021-03-30 00:00:00.000000,-856.04,-799.39,-56.65,14621.65
EQ304899,25,2021-04-30 00:00:00.000000,-856.04,-802.48,-53.56,13822.26
EQ304899,26,2021-05-30 00:00:00.000000,-856.04,-805.59,-50.45,13019.78
EQ304899,27,2021-06-30 00:00:00.000000,-856.04,-808.71,-47.33,12214.19
EQ304899,28,2021-07-30 00:00:00.000000,-856.04,-811.85,-44.19,11405.48
EQ304899,29,2021-08-30 00:00:00.000000,-856.04,-814.99,-41.05,10593.63
EQ304899,30,2021-09-30 00:00:00.000000,-856.04,-818.15,-37.89,9778.64
EQ304899,31,2021-10-30 00:00:00.000000,-856.04,-821.33,-34.71,8960.49
EQ304899,32,2021-11-30 00:00:00.000000,-856.04,-824.51,-31.53,8139.16
EQ304899,33,2021-12-30 00:00:00.000000,-856.04,-827.7,-28.34,7314.65
EQ304899,34,2022-01-30 00:00:00.000000,-856.04,-830.91,-25.13,6486.95
EQ304899,35,2022-02-28 00:00:00.000000,-856.04,-834.12,-21.92,5656.04
EQ304899,36,2022-03-30 00:00:00.000000,-856.04,-837.36,-18.68,4821.92
EQ304899,37,2022-04-30 00:00:00.000000,-4000,-3984.56,-15.44,3984.56
